Year,AvgWeatherDelayPercentage
2010,2.8093078565982594
2003,7.8319479664511205
2005,5.76829296626382
2009,0.45316615137982363
2006,4.525746592406748
2004,6.4475279976916555
2008,3.629924671929078
2007,3.9942652316053433
